article,efo,count,dbName,dbId
PMC3915084,"Strains",29,,EFO_0005135
PMC3915084,"fruit",5,,EFO_0001028
PMC3915084,"skin",2,,EFO_0000962
PMC3915084,"media",2,,EFO_0000579
PMC3915084,"European",1,,EFO_0003156
PMC3915084,"temperature",1,,EFO_0001702
PMC3915084,"survival",1,,EFO_0000714
PMC3920264,"precursors",6,,EFO_0001651
PMC3920264,"fast",4,,EFO_0002756
PMC3920264,"procedure",1,,EFO_0002571
PMC3920264,"temperature",1,,EFO_0001702
PMC3920264,"data file",1,,EFO_0004095
PMC3953398,"skin",16,,EFO_0000962
PMC3953398,"software",4,,EFO_0002029
PMC3953398,"acid",2,,EFO_0004416
PMC3953398,"Chinese",1,,EFO_0003157
PMC3953398,"procedure",1,,EFO_0002571
PMC3953398,"Measurement",1,,EFO_0001444
PMC3953398,"weight",1,,EFO_0004338
PMC3953398,"substrate",1,,EFO_0005061
PMC3953398,"pump",1,,EFO_0000836
PMC3953398,"dose",1,,EFO_0000428
PMC3954529,"substrate",8,,EFO_0005061
PMC3954529,"L1210",1,,EFO_0005284
PMC3954529,"temperature",1,,EFO_0001702
PMC3961117,"strains",17,,EFO_0005135
PMC3961117,"pathogen",2,,EFO_0000643
PMC3961117,"exposure",2,,EFO_0000487
PMC3961117,"metabolites",1,,EFO_0004727
PMC3961117,"seed",1,,EFO_0000991
PMC3961117,"American",1,,EFO_0003151
PMC3961117,"sterile",1,,EFO_0000545
PMC3961117,"saline",1,,EFO_0002677
PMC3977348,"stem",49,,EFO_0001040
PMC3977348,"bulb",38,,EFO_0001048
PMC3977348,"adult",20,,EFO_0001272
PMC3977348,"differentiated",14,,EFO_0002954
PMC3977348,"dentate gyrus",9,,EFO_0001366
PMC3977348,"cages",9,,EFO_0004181
PMC3977348,"software",8,,EFO_0002029
PMC3977348,"genotype",7,,EFO_0000513
PMC3977348,"deletion",4,,EFO_0004014
PMC3977348,"labeling",4,,EFO_0000562
PMC3977348,"chip",4,,EFO_0004176
PMC3977348,"dorsal",4,,EFO_0001656
PMC3977348,"lateral ventricles",3,,EFO_0003562
PMC3977348,"mg/kg",3,,EFO_0002902
PMC3977348,"transfection",3,,EFO_0000726
PMC3977348,"wood",3,,EFO_0001042
PMC3977348,"Bone",2,,EFO_0000298
PMC3977348,"ventral",2,,EFO_0001662
PMC3977348,"lateral",2,,EFO_0001657
PMC3977348,"pool",2,,EFO_0000663
PMC3977348,"hippocampus",1,,EFO_0000530
PMC3977348,"recombination",1,,EFO_0004293
PMC3977348,"strain",1,,EFO_0005135
PMC3977348,"exon",1,,EFO_0004423
PMC3977348,"Genotyping",1,,EFO_0000750
PMC3977348,"pathogen",1,,EFO_0000643
PMC3977348,"procedures",1,,EFO_0002571
PMC3977348,"European",1,,EFO_0003156
PMC3977348,"saline",1,,EFO_0002677
PMC3977348,"Heights",1,,EFO_0004339
PMC3977348,"temperature",1,,EFO_0001702
PMC3977348,"weight",1,,EFO_0004338
PMC3977348,"survival",1,,EFO_0000714
PMC3977348,"caudal",1,,EFO_0001908
PMC3977348,"proximal",1,,EFO_0001661
PMC3977348,"postnatal",1,,EFO_0002948
PMC3977348,"basal",1,,EFO_0001654
PMC3977348,"filaments",1,,EFO_0005102
PMC4005389,"pain",82,,EFO_0003843
PMC4005389,"genotype",30,,EFO_0000513
PMC4005389,"cold",21,,EFO_0000341
PMC4005389,"bulb",6,,EFO_0001048
PMC4005389,"test results",6,,EFO_0000720
PMC4005389,"measurements",6,,EFO_0001444
PMC4005389,"cohort",4,,EFO_0004445
PMC4005389,"phenotypes",4,,EFO_0000651
PMC4005389,"Caucasian",3,,EFO_0003156
PMC4005389,"Pyrosequencing",3,,EFO_0005016
PMC4005389,"temperature",3,,EFO_0001702
PMC4005389,"forearm",3,,EFO_0003053
PMC4005389,"random",2,,EFO_0004189
PMC4005389,"Genotyping",2,,EFO_0000750
PMC4005389,"skin",2,,EFO_0000962
PMC4005389,"data file",2,,EFO_0004095
PMC4005389,"vital signs",1,,EFO_0004303
PMC4005389,"diseases",1,,EFO_0000408
PMC4005389,"ethnicity",1,,EFO_0001799
PMC4005389,"procedure",1,,EFO_0002571
PMC4005389,"medial",1,,EFO_0001660
PMC4005389,"lateral",1,,EFO_0001657
PMC4005389,"hand",1,,EFO_0000877
PMC4005389,"electrical currents",1,,EFO_0000388
PMC4005389,"study design",1,,EFO_0001426
PMC4005389,"dose",1,,EFO_0000428
PMC4005389,"smoking",1,,EFO_0004318
PMC4005389,"microarray",1,,EFO_0002698
PMC4005389,"exon",1,,EFO_0004423
PMC4005389,"Northern and Western European",1,,EFO_0004901
PMC4005389,"software",1,,EFO_0002029
PMC4007251,"bark",6,,EFO_0001041
PMC4007251,"segment",5,,EFO_0000961
PMC4007251,"temperature",4,,EFO_0001702
PMC4007251,"Experimental Design",2,,EFO_0001426
PMC4007251,"fruit",2,,EFO_0001028
PMC4007251,"stem",2,,EFO_0001040
PMC4007251,"software",2,,EFO_0002029
PMC4007251,"adults",1,,EFO_0001272
PMC4007251,"British",1,,EFO_0003155
PMC4007251,"leaf",1,,EFO_0000993
PMC4007251,"pump",1,,EFO_0000836
PMC4007251,"metabolites",1,,EFO_0004727
PMC4007251,"procedure",1,,EFO_0002571
PMC4011571,"substrate",22,,EFO_0005061
PMC4011571,"temperatures",3,,EFO_0001702
PMC4011571,"precursors",1,,EFO_0001651
PMC4011571,"hand",1,,EFO_0000877
PMC4011571,"exposure",1,,EFO_0000487
PMC4015331,"axis",4,,EFO_0001040
PMC4015331,"temperature",4,,EFO_0001702
PMC4015331,"exposure",4,,EFO_0000487
PMC4015331,"filament",1,,EFO_0005102
PMC4015331,"substrate",1,,EFO_0005061
PMC4015331,"atmosphere",1,,EFO_0000273
PMC4015331,"software",1,,EFO_0002029
PMC4015331,"segment",1,,EFO_0000961
PMC4017146,"duration",10,,EFO_0000433
PMC4017146,"bulb",5,,EFO_0001048
PMC4017146,"nose",4,,EFO_0000828
PMC4017146,"height",2,,EFO_0004339
PMC4017146,"Measurement",2,,EFO_0001444
PMC4017146,"pump",2,,EFO_0000836
PMC4017146,"male",1,,EFO_0001266
PMC4017146,"European",1,,EFO_0003156
PMC4017146,"cage",1,,EFO_0004181
PMC4017146,"sampling time",1,,EFO_0000689
PMC4017146,"medial",1,,EFO_0001660
PMC4017146,"lateral",1,,EFO_0001657
PMC4017146,"fast",1,,EFO_0002756
PMC4065700,"procedures",2,,EFO_0002571
PMC4065700,"temperature",2,,EFO_0001702
PMC4065700,"pathogens",2,,EFO_0000643
PMC4065700,"Ramos",1,,EFO_0002077
PMC4065700,"strains",1,,EFO_0005135
PMC4065700,"fruits",1,,EFO_0001028
PMC4065700,"cold",1,,EFO_0000341
PMC4065700,"media",1,,EFO_0000579
PMC4079982,"cage",9,,EFO_0004181
PMC4079982,"procedure",6,,EFO_0002571
PMC4079982,"exposure",3,,EFO_0000487
PMC4079982,"diet",1,,EFO_0002755
PMC4079982,"European",1,,EFO_0003156
PMC4079982,"male",1,,EFO_0001266
PMC4079982,"temperature",1,,EFO_0001702
PMC4079982,"nose",1,,EFO_0000828
PMC4079982,"a 20",1,,EFO_0005285
PMC4097962,"strains",16,,EFO_0005135
PMC4097962,"atmosphere",9,,EFO_0000273
PMC4097962,"substrate",8,,EFO_0005061
PMC4097962,"metabolites",5,,EFO_0004727
PMC4097962,"microbiomes",3,,EFO_0004982
PMC4097962,"Wood",3,,EFO_0001042
PMC4097962,"diet",2,,EFO_0002755
PMC4097962,"Flowers",2,,EFO_0001024
PMC4097962,"number of molecules",1,,EFO_0004368
PMC4097962,"leaf",1,,EFO_0000993
PMC4097962,"roots",1,,EFO_0000989
PMC4097962,"replicates",1,,EFO_0000683
PMC4097962,"alpha",1,,EFO_0001270
PMC4097962,"acid",1,,EFO_0004416
PMC4097962,"bark",1,,EFO_0001041
PMC4097962,"pathogen",1,,EFO_0000643
PMC4097962,"measurements",1,,EFO_0001444
PMC4097962,"amended",1,,EFO_0001365
PMC4097962,"Genomes",1,,EFO_0004420
PMC4097962,"Metagenomic data",1,,EFO_0004602
PMC4115348,"pain",18,,EFO_0003843
PMC4115348,"placebo",7,,EFO_0001674
PMC4115348,"fruit",5,,EFO_0001028
PMC4115348,"seeds",5,,EFO_0000991
PMC4115348,"disease",3,,EFO_0000408
PMC4115348,"duration",3,,EFO_0000433
PMC4115348,"dose",3,,EFO_0000428
PMC4115348,"female",2,,EFO_0001265
PMC4115348,"muscle",1,,EFO_0001949
PMC4115348,"hand",1,,EFO_0000877
PMC4115348,"height",1,,EFO_0004339
PMC4115348,"weight",1,,EFO_0004338
PMC4115348,"software",1,,EFO_0002029
PMC4115348,"mg/kg",1,,EFO_0002902
PMC4115348,"virgin",1,,EFO_0002951
PMC4115348,"pool",1,,EFO_0000663
PMC4115348,"Ishikawa",1,,EFO_0005718
PMC4115348,"signs and symptoms",1,,EFO_0003765
PMC4156257,"substrates",10,,EFO_0005061
PMC4156257,"temperature",7,,EFO_0001702
PMC4156257,"insertion",3,,EFO_0004016
PMC4156257,"acids",2,,EFO_0004416
PMC4156257,"precursors",1,,EFO_0001651
PMC4156257,"procedure",1,,EFO_0002571
PMC4157029,"temperature",3,,EFO_0001702
PMC4157029,"disease",2,,EFO_0000408
PMC4157029,"Iranian",2,,EFO_0003162
PMC4157029,"European",2,,EFO_0003156
PMC4157029,"skin",2,,EFO_0000962
PMC4157029,"urinary system",1,,EFO_0000803
PMC4157029,"reproductive system",1,,EFO_0000809
PMC4157029,"postnatal",1,,EFO_0002948
PMC4157029,"exposure",1,,EFO_0000487
PMC4157029,"dose",1,,EFO_0000428
PMC4157029,"fast",1,,EFO_0002756
PMC4157029,"acid",1,,EFO_0004416
PMC4157029,"Chinese",1,,EFO_0003157
PMC4161876,"genome",11,,EFO_0004420
PMC4161876,"Ventral",10,,EFO_0001662
PMC4161876,"transfection",10,,EFO_0000726
PMC4161876,"adult",6,,EFO_0001272
PMC4161876,"disease",5,,EFO_0000408
PMC4161876,"hippocampus",5,,EFO_0000530
PMC4161876,"transcriptome",4,,EFO_0004421
PMC4161876,"labeling",3,,EFO_0000562
PMC4161876,"bulb",3,,EFO_0001048
PMC4161876,"filament",2,,EFO_0005102
PMC4161876,"bone",2,,EFO_0000298
PMC4161876,"weight",2,,EFO_0004338
PMC4161876,"neonate",2,,EFO_0001372
PMC4161876,"measurement",2,,EFO_0001444
PMC4161876,"microarray",2,,EFO_0002698
PMC4161876,"temperature",2,,EFO_0001702
PMC4161876,"female",2,,EFO_0001265
PMC4161876,"software",2,,EFO_0002029
PMC4161876,"transgenic",1,,EFO_0004020
PMC4161876,"intervention",1,,EFO_0002571
PMC4161876,"fast",1,,EFO_0002756
PMC4161876,"muscle",1,,EFO_0001949
PMC4161876,"seed",1,,EFO_0000991
PMC4161876,"phenotypes",1,,EFO_0000651
PMC4161876,"European",1,,EFO_0003156
PMC4161876,"random",1,,EFO_0004189
PMC4161876,"replicates",1,,EFO_0000683
PMC4161876,"acid",1,,EFO_0004416
PMC4161876,"washing",1,,EFO_0000735
PMC4202545,"Seed",19,,EFO_0000991
PMC4202545,"mg/kg",19,,EFO_0002902
PMC4202545,"doses",15,,EFO_0000428
PMC4202545,"saline",11,,EFO_0002677
PMC4202545,"mortality",9,,EFO_0004352
PMC4202545,"Male",5,,EFO_0001266
PMC4202545,"Adult",2,,EFO_0001272
PMC4202545,"procedures",2,,EFO_0002571
PMC4202545,"temperature",2,,EFO_0001702
PMC4202545,"insomnia",1,,EFO_0004698
PMC4202545,"cages",1,,EFO_0004181
PMC4202545,"survival",1,,EFO_0000714
PMC4202545,"acid",1,,EFO_0004416
PMC4204956,"strains",9,,EFO_0005135
PMC4204956,"pathogens",8,,EFO_0000643
PMC4204956,"Sampling sites",2,,EFO_0000688
PMC4204956,"Measurement",2,,EFO_0001444
PMC4204956,"temperature",2,,EFO_0001702
PMC4204956,"random",1,,EFO_0004189
PMC4204956,"fruits",1,,EFO_0001028
PMC4204956,"exposure",1,,EFO_0000487
PMC4204956,"sterile",1,,EFO_0000545
PMC4204956,"media",1,,EFO_0000579
PMC4204956,"replicates",1,,EFO_0000683
PMC4204956,"diseases",1,,EFO_0000408
PMC4204956,"hand",1,,EFO_0000877
PMC4206695,"insertion",14,,EFO_0004016
PMC4206695,"substrates",10,,EFO_0005061
PMC4206695,"inversion",1,,EFO_0004017
PMC4206695,"proximal",1,,EFO_0001661
PMC4206695,"procedure",1,,EFO_0002571
PMC4209970,"sensillum",4,,EFO_0000939
PMC4209970,"duration",4,,EFO_0000433
PMC4209970,"data file",4,,EFO_0004095
PMC4209970,"shoots",3,,EFO_0000992
PMC4209970,"dose",3,,EFO_0000428
PMC4209970,"disease",2,,EFO_0000408
PMC4209970,"exposure",2,,EFO_0000487
PMC4209970,"cultivars",1,,EFO_0005136
PMC4209970,"placode",1,,EFO_0001650
PMC4209970,"lateral",1,,EFO_0001657
PMC4209970,"strain",1,,EFO_0005135
PMC4209970,"wood",1,,EFO_0001042
PMC4209970,"cages",1,,EFO_0004181
PMC4220615,"HepG2",39,,EFO_0001187
PMC4220615,"mg/kg",21,,EFO_0002902
PMC4220615,"K562",19,,EFO_0002067
PMC4220615,"dose",18,,EFO_0000428
PMC4220615,"Caco-2",14,,EFO_0001099
PMC4220615,"A549",9,,EFO_0001086
PMC4220615,"alpha",7,,EFO_0001270
PMC4220615,"H520",6,,EFO_0003124
PMC4220615,"diet",6,,EFO_0002755
PMC4220615,"g/kg",5,,EFO_0002897
PMC4220615,"bone",4,,EFO_0000298
PMC4220615,"Exposure",4,,EFO_0000487
PMC4220615,"U937",4,,EFO_0001257
PMC4220615,"xenograft",3,,EFO_0003942
PMC4220615,"survival",3,,EFO_0000714
PMC4220615,"metabolite",3,,EFO_0004727
PMC4220615,"A375",3,,EFO_0002103
PMC4220615,"Jurkat",3,,EFO_0002796
PMC4220615,"mortality",2,,EFO_0004352
PMC4220615,"cancer",2,,EFO_0000311
PMC4220615,"skin",2,,EFO_0000962
PMC4220615,"Ishikawa",2,,EFO_0005718
PMC4220615,"lymphoblast",2,,EFO_0000572
PMC4220615,"leaf",1,,EFO_0000993
PMC4220615,"strains",1,,EFO_0005135
PMC4220615,"hand",1,,EFO_0000877
PMC4220615,"tumor",1,,EFO_0000616
PMC4220615,"weight",1,,EFO_0004338
PMC4220615,"telomere",1,,EFO_0004359
PMC4220615,"substrate",1,,EFO_0005061
PMC4220615,"polyp",1,,EFO_0000662
PMC4220615,"melanoma",1,,EFO_0000756
PMC4220615,"stem",1,,EFO_0001040
PMC4220615,"diseases",1,,EFO_0000408
PMC4220615,"precursors",1,,EFO_0001651
PMC4220615,"male",1,,EFO_0001266
PMC4220615,"cervix",1,,EFO_0000979
PMC4220615,"transgenic",1,,EFO_0004020
PMC4220615,"female",1,,EFO_0001265
PMC4220615,"H157",1,,EFO_0003118
PMC4220615,"Raji",1,,EFO_0002324
PMC4220615,"L428",1,,EFO_0002225
PMC4224956,"male",33,,EFO_0001266
PMC4224956,"weights",24,,EFO_0004338
PMC4224956,"female",13,,EFO_0001265
PMC4224956,"reproductive system",8,,EFO_0000809
PMC4224956,"adult",7,,EFO_0001272
PMC4224956,"dose",7,,EFO_0000428
PMC4224956,"mg/kg",4,,EFO_0002902
PMC4224956,"fast",4,,EFO_0002756
PMC4224956,"male fertility",3,,EFO_0004803
PMC4224956,"seminiferous tubules",3,,EFO_0001404
PMC4224956,"Wistar",2,,EFO_0001342
PMC4224956,"diseases",2,,EFO_0000408
PMC4224956,"temperature",2,,EFO_0001702
PMC4224956,"duration",2,,EFO_0000433
PMC4224956,"pregnancies",2,,EFO_0002950
PMC4224956,"axis",2,,EFO_0001040
PMC4224956,"Experimental design",1,,EFO_0001426
PMC4224956,"leaf",1,,EFO_0000993
PMC4224956,"dorsal",1,,EFO_0001656
PMC4224956,"dissection",1,,EFO_0003856
PMC4224956,"distal",1,,EFO_0001655
PMC4224956,"Seed",1,,EFO_0000991
PMC4224956,"software",1,,EFO_0002029
PMC4224956,"smooth muscles",1,,EFO_0000889
PMC4224956,"measurement",1,,EFO_0001444
PMC4232691,"leaf",48,,EFO_0000993
PMC4232691,"transcriptome",12,,EFO_0004421
PMC4232691,"substrates",9,,EFO_0005061
PMC4232691,"metabolites",7,,EFO_0004727
PMC4232691,"acid",5,,EFO_0004416
PMC4232691,"precursor",4,,EFO_0001651
PMC4232691,"strain",4,,EFO_0005135
PMC4232691,"pathogens",3,,EFO_0000643
PMC4232691,"genome",3,,EFO_0004420
PMC4232691,"stalk",3,,EFO_0001040
PMC4232691,"basal",3,,EFO_0001654
PMC4232691,"temperature",3,,EFO_0001702
PMC4232691,"hair",2,,EFO_0000958
PMC4232691,"ocimene",2,,EFO_0003191
PMC4232691,"atmosphere",1,,EFO_0000273
PMC4232691,"cuticle",1,,EFO_0000944
PMC4232691,"apical",1,,EFO_0001653
PMC4232691,"injury",1,,EFO_0000546
PMC4232691,"test result",1,,EFO_0000720
PMC4232691,"developmental stage",1,,EFO_0000399
PMC4232691,"root",1,,EFO_0000989
PMC4232691,"flowers",1,,EFO_0001024
PMC4232691,"weight",1,,EFO_0004338
PMC4232691,"cold",1,,EFO_0000341
PMC4232691,"dissection",1,,EFO_0003856
PMC4232691,"fast",1,,EFO_0002756
PMC4232691,"biological replicates",1,,EFO_0002091
PMC4242925,"aerial parts",9,,EFO_0001901
PMC4242925,"temperature",6,,EFO_0001702
PMC4242925,"Indian",2,,EFO_0003153
PMC4242925,"Chinese",1,,EFO_0003157
PMC4242925,"seeds",1,,EFO_0000991
PMC4242925,"Iranian",1,,EFO_0003162
PMC4293675,"metabolites",13,,EFO_0004727
PMC4293675,"acids",8,,EFO_0004416
PMC4293675,"strains",7,,EFO_0005135
PMC4293675,"substrates",6,,EFO_0005061
PMC4293675,"temperatures",6,,EFO_0001702
PMC4293675,"hand",3,,EFO_0000877
PMC4293675,"procedures",3,,EFO_0002571
PMC4293675,"Chinese",3,,EFO_0003157
PMC4293675,"roots",2,,EFO_0000989
PMC4293675,"genome",1,,EFO_0004420
PMC4293675,"lateral",1,,EFO_0001657
PMC4293675,"bark",1,,EFO_0001041
PMC4309438,"measurement",6,,EFO_0001444
PMC4309438,"substrate",4,,EFO_0005061
PMC4309438,"exposure",3,,EFO_0000487
PMC4309438,"temperature",2,,EFO_0001702
PMC4309438,"height",2,,EFO_0004339
PMC4309438,"sensillum",1,,EFO_0000939
PMC4309438,"weight",1,,EFO_0004338
PMC4309438,"software",1,,EFO_0002029
PMC4309438,"dose",1,,EFO_0000428
PMC4309438,"replicates",1,,EFO_0000683
PMC4311404,"substrate",7,,EFO_0005061
PMC4311404,"precursors",2,,EFO_0001651
PMC4311404,"temperatures",2,,EFO_0001702
PMC4311404,"proximal",1,,EFO_0001661
PMC4311404,"fast",1,,EFO_0002756
PMC4311404,"recombination",1,,EFO_0004293
PMC4311404,"insertions",1,,EFO_0004016
PMC4311404,"acid",1,,EFO_0004416
PMC4311427,"adults",67,,EFO_0001272
PMC4311427,"transcriptome",21,,EFO_0004421
PMC4311427,"female",17,,EFO_0001265
PMC4311427,"male",9,,EFO_0001266
PMC4311427,"pathogens",4,,EFO_0000643
PMC4311427,"acids",4,,EFO_0004416
PMC4311427,"virgin",3,,EFO_0002951
PMC4311427,"disease",2,,EFO_0000408
PMC4311427,"developmental stage",2,,EFO_0000399
PMC4311427,"software",2,,EFO_0002029
PMC4311427,"genomes",1,,EFO_0004420
PMC4311427,"risk factors",1,,EFO_0003919
PMC4311427,"substrates",1,,EFO_0005061
PMC4311427,"flowers",1,,EFO_0001024
PMC4311427,"nectar",1,,EFO_0001046
PMC4311427,"pool",1,,EFO_0000663
PMC4311427,"array",1,,EFO_0002698
PMC4311427,"anther",1,,EFO_0005101
PMC4311427,"Illumina Hiseq2000",1,,EFO_0004203
PMC4311427,"fastq format",1,,EFO_0004155
PMC4311427,"duplication",1,,EFO_0004015
PMC4311427,"procedure",1,,EFO_0002571
PMC4311427,"temperature",1,,EFO_0001702
PMC4311427,"biological replicates",1,,EFO_0002091
PMC4319901,"dose",57,,EFO_0000428
PMC4319901,"weight",15,,EFO_0004338
PMC4319901,"Random",14,,EFO_0004189
PMC4319901,"male",13,,EFO_0001266
PMC4319901,"procedure",11,,EFO_0002571
PMC4319901,"female",11,,EFO_0001265
PMC4319901,"measurements",8,,EFO_0001444
PMC4319901,"software",4,,EFO_0002029
PMC4319901,"Acid",3,,EFO_0004416
PMC4319901,"leaf",3,,EFO_0000993
PMC4319901,"root",2,,EFO_0000989
PMC4319901,"strain",2,,EFO_0005135
PMC4319901,"hypertrophy",2,,EFO_0002460
PMC4319901,"alpha",1,,EFO_0001270
PMC4319901,"Nodule",1,,EFO_0001013
PMC4319901,"Benign",1,,EFO_0002751
PMC4319901,"differentiated",1,,EFO_0002954
PMC4319901,"study design",1,,EFO_0001426
PMC4319901,"renal tubule",1,,EFO_0003666
PMC4319901,"duration",1,,EFO_0000433
PMC4322175,"dose",25,,EFO_0000428
PMC4322175,"weight",22,,EFO_0004338
PMC4322175,"seed",18,,EFO_0000991
PMC4322175,"Female",16,,EFO_0001265
PMC4322175,"duration",14,,EFO_0000433
PMC4322175,"newborns",13,,EFO_0001372
PMC4322175,"corpus",9,,EFO_0000382
PMC4322175,"ovaries",9,,EFO_0000973
PMC4322175,"males",7,,EFO_0001266
PMC4322175,"pregnancy",7,,EFO_0002950
PMC4322175,"reproductive system",5,,EFO_0000809
PMC4322175,"software",5,,EFO_0002029
PMC4322175,"g/kg",4,,EFO_0002897
PMC4322175,"embryo",4,,EFO_0000436
PMC4322175,"Adult",3,,EFO_0001272
PMC4322175,"temperature",3,,EFO_0001702
PMC4322175,"saline",2,,EFO_0002677
PMC4322175,"insomnia",1,,EFO_0004698
PMC4322175,"Wistar",1,,EFO_0001342
PMC4322175,"dorsal",1,,EFO_0001656
PMC4322175,"procedures",1,,EFO_0002571
PMC4322175,"axis",1,,EFO_0001040
PMC4322175,"hand",1,,EFO_0000877
PMC4327056,"Fruit",244,,EFO_0001028
PMC4327056,"Nose",132,,EFO_0000828
PMC4327056,"cultivar",50,,EFO_0005136
PMC4327056,"array",12,,EFO_0002698
PMC4327056,"acids",8,,EFO_0004416
PMC4327056,"precursor",5,,EFO_0001651
PMC4327056,"substrates",3,,EFO_0005061
PMC4327056,"Alpha",3,,EFO_0001270
PMC4327056,"genotypes",3,,EFO_0000513
PMC4327056,"flowers",2,,EFO_0001024
PMC4327056,"injury",2,,EFO_0000546
PMC4327056,"environmental factors",2,,EFO_0000469
PMC4327056,"metabolites",2,,EFO_0004727
PMC4327056,"atmosphere",2,,EFO_0000273
PMC4327056,"European",2,,EFO_0003156
PMC4327056,"duration",2,,EFO_0000433
PMC4327056,"Chinese",2,,EFO_0003157
PMC4327056,"cold",2,,EFO_0000341
PMC4327056,"fast",2,,EFO_0002756
PMC4327056,"exposure",1,,EFO_0000487
PMC4327056,"temperature",1,,EFO_0001702
PMC4327056,"ocimene",1,,EFO_0003191
PMC4327056,"random",1,,EFO_0004189
PMC4327056,"longevity",1,,EFO_0004300
PMC4327056,"pathogens",1,,EFO_0000643
PMC4327056,"weight",1,,EFO_0004338
PMC4327056,"ovary",1,,EFO_0000973
PMC4327056,"bulbs",1,,EFO_0001048
PMC4327056,"transgenic",1,,EFO_0004020
PMC4327056,"disease",1,,EFO_0000408
PMC4327056,"Ecotype",1,,EFO_0000434
PMC4327928,"acid",24,,EFO_0004416
PMC4327928,"substrate",23,,EFO_0005061
PMC4327928,"backbone",9,,EFO_0001369
PMC4327928,"temperatures",7,,EFO_0001702
PMC4327928,"deletion",2,,EFO_0004014
PMC4327928,"exposure",1,,EFO_0000487
PMC4327928,"inversion",1,,EFO_0004017
PMC4327928,"benign",1,,EFO_0002751
PMC4327928,"stem",1,,EFO_0001040
PMC4327928,"weight",1,,EFO_0004338
PMC4327928,"root",1,,EFO_0000989
PMC4327928,"strain",1,,EFO_0005135
PMC4327928,"random",1,,EFO_0004189
PMC4327928,"height",1,,EFO_0004339
PMC4339706,"acid",18,,EFO_0004416
PMC4339706,"Dental caries",10,,EFO_0003819
PMC4339706,"dose",4,,EFO_0000428
PMC4339706,"temperature",4,,EFO_0001702
PMC4339706,"tooth",3,,EFO_0000839
PMC4339706,"flowers",2,,EFO_0001024
PMC4339706,"aerial parts",2,,EFO_0001901
PMC4339706,"seed",2,,EFO_0000991
PMC4339706,"disease",1,,EFO_0000408
PMC4339706,"stems",1,,EFO_0001040
PMC4339706,"weight",1,,EFO_0004338
PMC4339706,"American",1,,EFO_0003151
PMC4339706,"replicates",1,,EFO_0000683
PMC4339706,"media",1,,EFO_0000579
PMC4339706,"dietary",1,,EFO_0002755
PMC4339706,"Ocimene",1,,EFO_0003191
PMC4344607,"precursors",26,,EFO_0001651
PMC4344607,"metabolites",18,,EFO_0004727
PMC4344607,"transcriptome",15,,EFO_0004421
PMC4344607,"temperature",6,,EFO_0001702
PMC4344607,"labeling",4,,EFO_0000562
PMC4344607,"genome",4,,EFO_0004420
PMC4344607,"substrate",4,,EFO_0005061
PMC4344607,"sterile",4,,EFO_0000545
PMC4344607,"software",3,,EFO_0002029
PMC4344607,"gene names",2,,EFO_0002605
PMC4344607,"disease",2,,EFO_0000408
PMC4344607,"environmental factors",1,,EFO_0000469
PMC4344607,"array",1,,EFO_0002698
PMC4344607,"backbone",1,,EFO_0001369
PMC4344607,"acids",1,,EFO_0004416
PMC4344607,"survival",1,,EFO_0000714
PMC4344607,"stems",1,,EFO_0001040
PMC4344607,"transgenic",1,,EFO_0004020
PMC4344607,"exposure",1,,EFO_0000487
PMC4344607,"data file",1,,EFO_0004095
PMC4346696,"disease",14,,EFO_0000408
PMC4346696,"dietary",11,,EFO_0002755
PMC4346696,"weight",7,,EFO_0004338
PMC4346696,"seeds",6,,EFO_0000991
PMC4346696,"body weight gains",5,,EFO_0004566
PMC4346696,"mortality",4,,EFO_0004352
PMC4346696,"pathogens",4,,EFO_0000643
PMC4346696,"strains",3,,EFO_0005135
PMC4346696,"European",3,,EFO_0003156
PMC4346696,"doses",3,,EFO_0000428
PMC4346696,"mg/kg",3,,EFO_0002902
PMC4346696,"acids",2,,EFO_0004416
PMC4346696,"American",2,,EFO_0003151
PMC4346696,"Asian",2,,EFO_0003152
PMC4346696,"developmental stages",2,,EFO_0000399
PMC4346696,"temperatures",2,,EFO_0001702
PMC4346696,"Fruits",2,,EFO_0001028
PMC4346696,"survival",2,,EFO_0000714
PMC4346696,"African",1,,EFO_0004561
PMC4346696,"cold",1,,EFO_0000341
PMC4346696,"array",1,,EFO_0002698
PMC4346696,"exposure",1,,EFO_0000487
PMC4346696,"muscles",1,,EFO_0001949
PMC4346696,"bark",1,,EFO_0001041
PMC4346696,"g/kg",1,,EFO_0002897
PMC4346696,"neonatal",1,,EFO_0001372
PMC4346696,"hand",1,,EFO_0000877
PMC4346696,"proximal",1,,EFO_0001661
PMC4346696,"leaf",1,,EFO_0000993
PMC4346696,"virgin",1,,EFO_0002951
PMC4353025,"hands",6,,EFO_0000877
PMC4353025,"temperatures",2,,EFO_0001702
PMC4353025,"procedure",2,,EFO_0002571
PMC4353025,"pump",1,,EFO_0000836
PMC4353025,"roots",1,,EFO_0000989
PMC4353025,"barks",1,,EFO_0001041
PMC4353025,"African",1,,EFO_0004561
PMC4353025,"distal",1,,EFO_0001655
PMC4353025,"substrate",1,,EFO_0005061
PMC4353025,"acid",1,,EFO_0004416
PMC4353025,"interleukin",1,,EFO_0004100
PMC4355985,"temperature",9,,EFO_0001702
PMC4355985,"procedure",6,,EFO_0002571
PMC4355985,"measurements",5,,EFO_0001444
PMC4355985,"labeling",4,,EFO_0000562
PMC4355985,"heights",3,,EFO_0004339
PMC4355985,"cold",2,,EFO_0000341
PMC4355985,"axis",2,,EFO_0001040
PMC4355985,"root",2,,EFO_0000989
PMC4355985,"metabolites",1,,EFO_0004727
PMC4355985,"atmosphere",1,,EFO_0000273
PMC4355985,"skin",1,,EFO_0000962
PMC4355985,"differentiated",1,,EFO_0002954
PMC4355985,"strain",1,,EFO_0005135
PMC4355985,"random",1,,EFO_0004189
PMC4355985,"seed",1,,EFO_0000991
PMC4355985,"data file",1,,EFO_0004095
PMC4356138,"fruit",51,,EFO_0001028
PMC4356138,"acid",27,,EFO_0004416
PMC4356138,"precursors",13,,EFO_0001651
PMC4356138,"metabolites",7,,EFO_0004727
PMC4356138,"cultivars",5,,EFO_0005136
PMC4356138,"labeling",4,,EFO_0000562
PMC4356138,"alpha",4,,EFO_0001270
PMC4356138,"developmental stages",3,,EFO_0000399
PMC4356138,"pools",3,,EFO_0000663
PMC4356138,"transgenic",3,,EFO_0004020
PMC4356138,"measurements",3,,EFO_0001444
PMC4356138,"Genomes",2,,EFO_0004420
PMC4356138,"software",2,,EFO_0002029
PMC4356138,"cold",2,,EFO_0000341
PMC4356138,"backbone",1,,EFO_0001369
PMC4356138,"substrate",1,,EFO_0005061
PMC4356138,"Toledo",1,,EFO_0002383
PMC4356138,"pump",1,,EFO_0000836
PMC4356138,"array",1,,EFO_0002698
PMC4356138,"procedure",1,,EFO_0002571
PMC4356138,"Fast",1,,EFO_0002756
PMC4356138,"axis",1,,EFO_0001040
PMC4359887,"male",4,,EFO_0001266
PMC4359887,"dose",3,,EFO_0000428
PMC4359887,"temperature",3,,EFO_0001702
PMC4359887,"disease",2,,EFO_0000408
PMC4359887,"leaf",2,,EFO_0000993
PMC4359887,"fruit",2,,EFO_0001028
PMC4359887,"female",1,,EFO_0001265
PMC4359887,"bark",1,,EFO_0001041
PMC4359887,"aerial parts",1,,EFO_0001901
PMC4359887,"calf",1,,EFO_0003051
PMC4359887,"strains",1,,EFO_0005135
PMC4359887,"washing",1,,EFO_0000735
PMC4359887,"procedures",1,,EFO_0002571
PMC4359887,"g/kg",1,,EFO_0002897
PMC4359887,"Measurement",1,,EFO_0001444
PMC4359887,"sterile",1,,EFO_0000545
PMC4359887,"acids",1,,EFO_0004416
PMC4371224,"temperature",5,,EFO_0001702
PMC4371224,"aerial parts",3,,EFO_0001901
PMC4371224,"strains",3,,EFO_0005135
PMC4371224,"fruits",3,,EFO_0001028
PMC4371224,"dose",3,,EFO_0000428
PMC4371224,"precursor",2,,EFO_0001651
PMC4371224,"metabolites",1,,EFO_0004727
PMC4371224,"stems",1,,EFO_0001040
PMC4371224,"wood",1,,EFO_0001042
PMC4371224,"software",1,,EFO_0002029
PMC4371224,"cold",1,,EFO_0000341
PMC4371224,"saline",1,,EFO_0002677
PMC4371224,"calf",1,,EFO_0003051
PMC4371224,"survival",1,,EFO_0000714
PMC4371224,"media",1,,EFO_0000579
PMC4371224,"hands",1,,EFO_0000877
PMC4372811,"dose",3,,EFO_0000428
PMC4372811,"transfection",3,,EFO_0000726
PMC4372811,"procedures",2,,EFO_0002571
PMC4372811,"mg/kg",2,,EFO_0002902
PMC4372811,"temperature",2,,EFO_0001702
PMC4372811,"nose",2,,EFO_0000828
PMC4372811,"survival",2,,EFO_0000714
PMC4372811,"hand",2,,EFO_0000877
PMC4372811,"body weight",1,,EFO_0004338
PMC4372811,"Genotyping",1,,EFO_0000750
PMC4372811,"dorsal",1,,EFO_0001656
PMC4372811,"bone",1,,EFO_0000298
PMC4372811,"software",1,,EFO_0002029
PMC4372811,"adult",1,,EFO_0001272
PMC4372811,"pump",1,,EFO_0000836
PMC4372811,"saline",1,,EFO_0002677
PMC4372811,"bulb",1,,EFO_0001048
PMC4372811,"basal",1,,EFO_0001654
PMC4372811,"immunoprecipitate",1,,EFO_0000541
PMC4387231,"injury",20,,EFO_0000546
PMC4387231,"seed",18,,EFO_0000991
PMC4387231,"dose",5,,EFO_0000428
PMC4387231,"cytokines",4,,EFO_0003786
PMC4387231,"fruit",3,,EFO_0001028
PMC4387231,"Exposure",3,,EFO_0000487
PMC4387231,"acid",2,,EFO_0004416
PMC4387231,"male",2,,EFO_0001266
PMC4387231,"mg/kg body weight",2,,EFO_0005354
PMC4387231,"diseases",1,,EFO_0000408
PMC4387231,"a 20",1,,EFO_0005285
PMC4387231,"leaf",1,,EFO_0000993
PMC4387231,"segments",1,,EFO_0000961
PMC4387231,"Flowers",1,,EFO_0001024
PMC4387231,"skin",1,,EFO_0000962
PMC4387231,"precursors",1,,EFO_0001651
PMC4387231,"metabolite",1,,EFO_0004727
PMC4387231,"lymphatic system",1,,EFO_0000870
PMC4387231,"Wistar",1,,EFO_0001342
PMC4387231,"liver enzyme levels",1,,EFO_0004582
PMC4387231,"diet",1,,EFO_0002755
PMC4387231,"body weight",1,,EFO_0004338
PMC4387231,"saline",1,,EFO_0002677
PMC4387231,"g/kg",1,,EFO_0002897
PMC4387231,"survival",1,,EFO_0000714
PMC4389268,"dorsal",21,,EFO_0001656
PMC4389268,"duration",17,,EFO_0000433
PMC4389268,"fast",4,,EFO_0002756
PMC4389268,"ventral",4,,EFO_0001662
PMC4389268,"adult",4,,EFO_0001272
PMC4389268,"male",4,,EFO_0001266
PMC4389268,"lateral",3,,EFO_0001657
PMC4389268,"mg/kg",3,,EFO_0002902
PMC4389268,"random",2,,EFO_0004189
PMC4389268,"procedures",2,,EFO_0002571
PMC4389268,"Weight",2,,EFO_0004338
PMC4389268,"electrical currents",1,,EFO_0000388
PMC4389268,"exposure",1,,EFO_0000487
PMC4389268,"labeling",1,,EFO_0000562
PMC4389268,"basal",1,,EFO_0001654
PMC4389268,"measurements",1,,EFO_0001444
PMC4389268,"genotypes",1,,EFO_0000513
PMC4389268,"cage",1,,EFO_0004181
PMC4389268,"wound",1,,EFO_0000546
PMC4389268,"saline",1,,EFO_0002677
PMC4389412,"sampling times",4,,EFO_0000689
PMC4389412,"substrates",2,,EFO_0005061
PMC4389412,"intervention",2,,EFO_0002571
PMC4389412,"media",1,,EFO_0000579
PMC4389412,"measurements",1,,EFO_0001444
PMC4389412,"random",1,,EFO_0004189
PMC4389412,"root",1,,EFO_0000989
PMC4395931,"rhizomes",22,,EFO_0001008
PMC4395931,"acid",6,,EFO_0004416
PMC4395931,"root",4,,EFO_0000989
PMC4395931,"Indian",3,,EFO_0003153
PMC4395931,"flowers",3,,EFO_0001024
PMC4395931,"Chinese",2,,EFO_0003157
PMC4395931,"stem",2,,EFO_0001040
PMC4395931,"Corms",2,,EFO_0001049
PMC4395931,"alpha",2,,EFO_0001270
PMC4395931,"wood",1,,EFO_0001042
PMC4395931,"diseases",1,,EFO_0000408
PMC4395931,"hand",1,,EFO_0000877
PMC4395931,"dose",1,,EFO_0000428
PMC4395931,"Inflorescences",1,,EFO_0001029
PMC4395931,"leaf",1,,EFO_0000993
PMC4395931,"mg/kg",1,,EFO_0002902
PMC4395931,"weight",1,,EFO_0004338
PMC4395931,"Korean",1,,EFO_0003165
PMC4395931,"metabolites",1,,EFO_0004727
PMC4395931,"Hawaiian",1,,EFO_0003168
PMC4395931,"cold",1,,EFO_0000341
PMC4398050,"genotype",16,,EFO_0000513
PMC4398050,"genomes",8,,EFO_0004420
PMC4398050,"males",8,,EFO_0001266
PMC4398050,"females",8,,EFO_0001265
PMC4398050,"phenotype",4,,EFO_0000651
PMC4398050,"replicate",4,,EFO_0000683
PMC4398050,"measurements",4,,EFO_0001444
PMC4398050,"inbred",3,,EFO_0004429
PMC4398050,"insertion",3,,EFO_0004016
PMC4398050,"inversions",3,,EFO_0004017
PMC4398050,"random",3,,EFO_0004189
PMC4398050,"genetic variation",3,,EFO_0004828
PMC4398050,"survival",1,,EFO_0000714
PMC4398050,"lateral",1,,EFO_0001657
PMC4398050,"deletion",1,,EFO_0004014
PMC4398050,"fruits",1,,EFO_0001028
PMC4398050,"software",1,,EFO_0002029
PMC4398050,"exposures",1,,EFO_0000487
PMC4398050,"dissection",1,,EFO_0003856
PMC4405290,"procedures",5,,EFO_0002571
PMC4405290,"temperature",4,,EFO_0001702
PMC4405290,"measurement",3,,EFO_0001444
PMC4405290,"chinese",2,,EFO_0003157
PMC4405290,"replicates",2,,EFO_0000683
PMC4405290,"wood",2,,EFO_0001042
PMC4405290,"hand",2,,EFO_0000877
PMC4405290,"atmosphere",1,,EFO_0000273
PMC4405290,"software",1,,EFO_0002029
PMC4405290,"seed",1,,EFO_0000991
PMC4405290,"metabolites",1,,EFO_0004727
PMC4405290,"fruits",1,,EFO_0001028
PMC4405290,"injury",1,,EFO_0000546
PMC4405290,"ball",1,,EFO_0000094
PMC4405290,"alpha",1,,EFO_0001270
PMC4405290,"precursor",1,,EFO_0001651
PMC4405290,"substrate",1,,EFO_0005061
PMC4405290,"Ocimene",1,,EFO_0003191
PMC4408633,"diseases",6,,EFO_0000408
PMC4408633,"exposure",6,,EFO_0000487
PMC4408633,"mortality",3,,EFO_0004352
PMC4408633,"procedures",3,,EFO_0002571
PMC4408633,"metabolites",2,,EFO_0004727
PMC4408633,"strains",2,,EFO_0005135
PMC4408633,"female",1,,EFO_0001265
PMC4408633,"Indian",1,,EFO_0003153
PMC4408633,"adult",1,,EFO_0001272
PMC4408633,"weight",1,,EFO_0004338
PMC4408633,"temperatures",1,,EFO_0001702
PMC4408633,"Ocimene",1,,EFO_0003191
PMC4412152,"transfection",4,,EFO_0000726
PMC4412152,"dose",4,,EFO_0000428
PMC4412152,"genome",3,,EFO_0004420
PMC4412152,"genetic variation",2,,EFO_0004828
PMC4412152,"substrate",2,,EFO_0005061
PMC4412152,"acid",2,,EFO_0004416
PMC4412152,"media",1,,EFO_0000579
PMC4412152,"Dose-response design",1,,EFO_0001757
PMC4412152,"gene name",1,,EFO_0002605
PMC4412152,"Insertion",1,,EFO_0004016
PMC4413252,"African",38,,EFO_0004561
PMC4413252,"HepG2",20,,EFO_0001187
PMC4413252,"MiaPaca-2",10,,EFO_0002236
PMC4413252,"A549",8,,EFO_0001086
PMC4413252,"roots",6,,EFO_0000989
PMC4413252,"pains",5,,EFO_0003843
PMC4413252,"metabolites",4,,EFO_0004727
PMC4413252,"cancer",4,,EFO_0000311
PMC4413252,"fruit",4,,EFO_0001028
PMC4413252,"acid",4,,EFO_0004416
PMC4413252,"phenotypes",3,,EFO_0000651
PMC4413252,"survival",3,,EFO_0000714
PMC4413252,"genome",3,,EFO_0004420
PMC4413252,"bark",3,,EFO_0001041
PMC4413252,"seeds",2,,EFO_0000991
PMC4413252,"786-0",2,,EFO_0005707
PMC4413252,"array",2,,EFO_0002698
PMC4413252,"wounds",2,,EFO_0000546
PMC4413252,"diseases",1,,EFO_0000408
PMC4413252,"smoking",1,,EFO_0004318
PMC4413252,"diet",1,,EFO_0002755
PMC4413252,"females",1,,EFO_0001265
PMC4413252,"males",1,,EFO_0001266
PMC4413252,"deletions",1,,EFO_0004014
PMC4413252,"pumps",1,,EFO_0000836
PMC4413252,"substrate",1,,EFO_0005061
PMC4413252,"backbone",1,,EFO_0001369
PMC4413252,"genetic variation",1,,EFO_0004828
PMC4413252,"U937",1,,EFO_0001257
PMC4413252,"Capan-1",1,,EFO_0002153
PMC4413252,"aerial part",1,,EFO_0001901
PMC4413252,"dose",1,,EFO_0000428
PMC4413252,"hand",1,,EFO_0000877
PMC4413252,"embryo",1,,EFO_0000436
PMC4413252,"segments",1,,EFO_0000961
PMC4413252,"translocation",1,,EFO_0004024
PMC4413252,"alpha",1,,EFO_0001270
PMC4413252,"sterility",1,,EFO_0000545
PMC4415343,"mg/kg",128,,EFO_0002902
PMC4415343,"dose",107,,EFO_0000428
PMC4415343,"acid",17,,EFO_0004416
PMC4415343,"pain",15,,EFO_0003843
PMC4415343,"rhizomes",14,,EFO_0001008
PMC4415343,"body weight",13,,EFO_0004338
PMC4415343,"arms",12,,EFO_0000248
PMC4415343,"insomnia",11,,EFO_0004698
PMC4415343,"saline",10,,EFO_0002677
PMC4415343,"height",9,,EFO_0004339
PMC4415343,"Male",8,,EFO_0001266
PMC4415343,"duration",8,,EFO_0000433
PMC4415343,"female",8,,EFO_0001265
PMC4415343,"locomotor activity",7,,EFO_0003940
PMC4415343,"survival time",6,,EFO_0000714
PMC4415343,"root",6,,EFO_0000989
PMC4415343,"Fruit",6,,EFO_0001028
PMC4415343,"cage",5,,EFO_0004181
PMC4415343,"hair",4,,EFO_0000958
PMC4415343,"temperature",4,,EFO_0001702
PMC4415343,"seeds",4,,EFO_0000991
PMC4415343,"diseases",3,,EFO_0000408
PMC4415343,"muscle",3,,EFO_0001949
PMC4415343,"leaf",3,,EFO_0000993
PMC4415343,"wounds",2,,EFO_0000546
PMC4415343,"mania",2,,EFO_0000289
PMC4415343,"Indian",2,,EFO_0003153
PMC4415343,"ocimene",2,,EFO_0003191
PMC4415343,"procedures",2,,EFO_0002571
PMC4415343,"bark",2,,EFO_0001041
PMC4415343,"measurement",2,,EFO_0001444
PMC4415343,"blood pressure",2,,EFO_0004325
PMC4415343,"alpha",2,,EFO_0001270
PMC4415343,"study design",2,,EFO_0001426
PMC4415343,"mg/kg body weight",1,,EFO_0005354
PMC4415343,"strain",1,,EFO_0005135
PMC4415343,"inch",1,,EFO_0004387
PMC4415343,"gums",1,,EFO_0001925
PMC4415343,"Test  Results",1,,EFO_0000720
PMC4415343,"Labeling",1,,EFO_0000562
PMC4415343,"metabolites",1,,EFO_0004727
PMC4415343,"bone",1,,EFO_0000298
PMC4415343,"smooth muscle",1,,EFO_0000889
PMC4415343,"flowers",1,,EFO_0001024
PMC4415343,"inflorescence",1,,EFO_0001029
PMC4415343,"dysuria",1,,EFO_0003901
PMC4415343,"cytokines",1,,EFO_0003786
PMC4415343,"hand",1,,EFO_0000877
PMC4424236,"HepG2",10,,EFO_0001187
PMC4424236,"dose",5,,EFO_0000428
PMC4424236,"pathogens",4,,EFO_0000643
PMC4424236,"temperature",3,,EFO_0001702
PMC4424236,"sterile",3,,EFO_0000545
PMC4424236,"software",3,,EFO_0002029
PMC4424236,"fruits",2,,EFO_0001028
PMC4424236,"dietary",2,,EFO_0002755
PMC4424236,"measurements",2,,EFO_0001444
PMC4424236,"media",2,,EFO_0000579
PMC4424236,"Ocimene",2,,EFO_0003191
PMC4424236,"metabolites",1,,EFO_0004727
PMC4424236,"wounds",1,,EFO_0000546
PMC4424236,"pain",1,,EFO_0003843
PMC4424236,"flowers",1,,EFO_0001024
PMC4424236,"duration",1,,EFO_0000433
PMC4424236,"strains",1,,EFO_0005135
PMC4424236,"procedure",1,,EFO_0002571
PMC4424236,"American",1,,EFO_0003151
PMC4424236,"atmosphere",1,,EFO_0000273
PMC4424236,"acids",1,,EFO_0004416
PMC4424236,"cold",1,,EFO_0000341
PMC4424236,"survival",1,,EFO_0000714
PMC4427012,"Media",3,,EFO_0000579
PMC4427012,"acids",3,,EFO_0004416
PMC4427012,"temperature",2,,EFO_0001702
PMC4427012,"Strains",2,,EFO_0005135
PMC4427012,"diseases",1,,EFO_0000408
PMC4427012,"aerial parts",1,,EFO_0001901
PMC4427012,"cold",1,,EFO_0000341
PMC4427012,"cohort",1,,EFO_0004445
PMC4427012,"neonates",1,,EFO_0001372
PMC4427012,"saline",1,,EFO_0002677
PMC4427012,"hand",1,,EFO_0000877
PMC4446488,"temperature",4,,EFO_0001702
PMC4446488,"experimental design",2,,EFO_0001426
PMC4446488,"height",2,,EFO_0004339
PMC4446488,"environmental factors",1,,EFO_0000469
PMC4446488,"genotypes",1,,EFO_0000513
PMC4446488,"software",1,,EFO_0002029
PMC4446488,"differentiated",1,,EFO_0002954
PMC4448976,"exposure",7,,EFO_0000487
PMC4448976,"hand",6,,EFO_0000877
PMC4448976,"fast",4,,EFO_0002756
PMC4448976,"duration",3,,EFO_0000433
PMC4448976,"skin",2,,EFO_0000962
PMC4448976,"procedure",1,,EFO_0002571
PMC4448976,"array",1,,EFO_0002698
PMC4448976,"temperature",1,,EFO_0001702
PMC4448976,"leaf",1,,EFO_0000993
PMC4448976,"dorsal",1,,EFO_0001656
PMC4448976,"root",1,,EFO_0000989
PMC4448976,"acid",1,,EFO_0004416
PMC4464069,"duration",46,,EFO_0000433
PMC4464069,"random",17,,EFO_0004189
PMC4464069,"interventional",8,,EFO_0002571
PMC4464069,"adults",7,,EFO_0001272
PMC4464069,"skin",6,,EFO_0000962
PMC4464069,"replicate",3,,EFO_0000683
PMC4464069,"cognitive functions",2,,EFO_0003925
PMC4464069,"software",2,,EFO_0002029
PMC4464069,"temperature",2,,EFO_0001702
PMC4464069,"hand",2,,EFO_0000877
PMC4464069,"heart rate",2,,EFO_0004326
PMC4464069,"reasoning",1,,EFO_0004350
PMC4464069,"Experimental Design",1,,EFO_0001426
PMC4464069,"pillow",1,,EFO_0003422
PMC4464069,"a 20",1,,EFO_0005285
PMC4468856,"media",13,,EFO_0000579
PMC4468856,"pathogen",3,,EFO_0000643
PMC4468856,"temperatures",3,,EFO_0001702
PMC4468856,"exposure",2,,EFO_0000487
PMC4468856,"acid",2,,EFO_0004416
PMC4468856,"procedure",2,,EFO_0002571
PMC4468856,"strain",2,,EFO_0005135
PMC4468856,"seed",1,,EFO_0000991
PMC4468856,"chips",1,,EFO_0004176
PMC4468856,"fruits",1,,EFO_0001028
PMC4468856,"American",1,,EFO_0003151
PMC4468856,"skin",1,,EFO_0000962
PMC4468856,"muscle",1,,EFO_0001949
PMC4468856,"atmosphere",1,,EFO_0000273
PMC4468856,"study design",1,,EFO_0001426
PMC4468856,"measurements",1,,EFO_0001444
PMC4468856,"environmental factors",1,,EFO_0000469
PMC4468856,"root",1,,EFO_0000989
PMC4468856,"Asian",1,,EFO_0003152
PMC4482474,"Dietary",32,,EFO_0002755
PMC4482474,"doses",10,,EFO_0000428
PMC4482474,"inflorescence",9,,EFO_0001029
PMC4482474,"temperature",8,,EFO_0001702
PMC4482474,"leaf",5,,EFO_0000993
PMC4482474,"Software",2,,EFO_0002029
PMC4482474,"diseases",1,,EFO_0000408
PMC4482474,"procedure",1,,EFO_0002571
PMC4482474,"measurements",1,,EFO_0001444
PMC4482474,"insomnia",1,,EFO_0004698
PMC4482474,"European",1,,EFO_0003156
PMC4482474,"flowers",1,,EFO_0001024
PMC4482474,"stems",1,,EFO_0001040
PMC4486248,"Temperature",2,,EFO_0001702
PMC4486248,"cultivars",1,,EFO_0005136
PMC4486248,"software",1,,EFO_0002029
PMC4486248,"labelling",1,,EFO_0000562
PMC4486248,"atmospheres",1,,EFO_0000273
PMC4489822,"Seed",65,,EFO_0000991
PMC4489822,"data file",11,,EFO_0004095
PMC4489822,"disease",7,,EFO_0000408
PMC4489822,"temperature",6,,EFO_0001702
PMC4489822,"pathogen",5,,EFO_0000643
PMC4489822,"sterile",5,,EFO_0000545
PMC4489822,"weight",4,,EFO_0004338
PMC4489822,"replicates",3,,EFO_0000683
PMC4489822,"Chinese",2,,EFO_0003157
PMC4489822,"media",2,,EFO_0000579
PMC4489822,"strains",1,,EFO_0005135
PMC4489822,"procedure",1,,EFO_0002571
PMC4489822,"acid",1,,EFO_0004416
PMC4489822,"Measurement",1,,EFO_0001444
PMC4489822,"amended",1,,EFO_0001365
PMC4489822,"dose",1,,EFO_0000428
PMC4489822,"leaf",1,,EFO_0000993
PMC4489822,"metabolites",1,,EFO_0004727
PMC4489822,"duration",1,,EFO_0000433
PMC4489822,"cultivars",1,,EFO_0005136
PMC4489822,"pool",1,,EFO_0000663
PMC4489822,"precursors",1,,EFO_0001651
PMC4499417,"exposure",9,,EFO_0000487
PMC4499417,"Strains",8,,EFO_0005135
PMC4499417,"pathogens",6,,EFO_0000643
PMC4499417,"measurement",4,,EFO_0001444
PMC4499417,"metabolites",3,,EFO_0004727
PMC4499417,"software",3,,EFO_0002029
PMC4499417,"acid",2,,EFO_0004416
PMC4499417,"array",1,,EFO_0002698
PMC4499417,"sterile",1,,EFO_0000545
PMC4499417,"saline",1,,EFO_0002677
PMC4499417,"hand",1,,EFO_0000877
PMC4499417,"survival",1,,EFO_0000714
PMC4503548,"temperature",5,,EFO_0001702
PMC4503548,"survival",5,,EFO_0000714
PMC4503548,"leukemia",3,,EFO_0000565
PMC4503548,"Ocimene",2,,EFO_0003191
PMC4503548,"aerial parts",1,,EFO_0001901
PMC4503548,"European",1,,EFO_0003156
PMC4503548,"software",1,,EFO_0002029
PMC4503548,"measurements",1,,EFO_0001444
PMC4503548,"acids",1,,EFO_0004416
PMC4503548,"atmosphere",1,,EFO_0000273
PMC4503548,"dose",1,,EFO_0000428
PMC4517501,"roots",25,,EFO_0000989
PMC4517501,"acids",24,,EFO_0004416
PMC4517501,"temperature",24,,EFO_0001702
PMC4517501,"axis",18,,EFO_0001040
PMC4517501,"procedures",17,,EFO_0002571
PMC4517501,"aerial parts",13,,EFO_0001901
PMC4517501,"fruit",12,,EFO_0001028
PMC4517501,"rhizomes",11,,EFO_0001008
PMC4517501,"seeds",9,,EFO_0000991
PMC4517501,"array",6,,EFO_0002698
PMC4517501,"hand",6,,EFO_0000877
PMC4517501,"media",5,,EFO_0000579
PMC4517501,"software",5,,EFO_0002029
PMC4517501,"pumps",5,,EFO_0000836
PMC4517501,"instrument design",4,,EFO_0001451
PMC4517501,"metabolites",4,,EFO_0004727
PMC4517501,"Risk Factor",3,,EFO_0003919
PMC4517501,"skin",2,,EFO_0000962
PMC4517501,"wound",2,,EFO_0000546
PMC4517501,"flowers",2,,EFO_0001024
PMC4517501,"weight",2,,EFO_0004338
PMC4517501,"a 20",2,,EFO_0005285
PMC4517501,"height",2,,EFO_0004339
PMC4517501,"bark",2,,EFO_0001041
PMC4517501,"measurement",1,,EFO_0001444
PMC4517501,"leaf",1,,EFO_0000993
PMC4517501,"Korean",1,,EFO_0003165
PMC4517501,"wood",1,,EFO_0001042
PMC4517501,"alpha",1,,EFO_0001270
PMC4517501,"embryos",1,,EFO_0000436
PMC4517501,"shoots",1,,EFO_0000992
PMC4517501,"inflorescences",1,,EFO_0001029
PMC4519343,"software",14,,EFO_0002029
PMC4519343,"data file",7,,EFO_0004095
PMC4519343,"weight",5,,EFO_0004338
PMC4519343,"acids",3,,EFO_0004416
PMC4519343,"axis",2,,EFO_0001040
PMC4519343,"differentiated",2,,EFO_0002954
PMC4519343,"genomes",1,,EFO_0004420
PMC4519343,"survival",1,,EFO_0000714
PMC4519343,"bulb",1,,EFO_0001048
PMC4519343,"exercise",1,,EFO_0000483
PMC4519343,"temperature",1,,EFO_0001702
PMC4525464,"aerial parts",3,,EFO_0001901
PMC4525464,"stem",3,,EFO_0001040
PMC4525464,"European",3,,EFO_0003156
PMC4525464,"ocimene",3,,EFO_0003191
PMC4525464,"Flowers",2,,EFO_0001024
PMC4525464,"colds",2,,EFO_0000341
PMC4525464,"g/kg",2,,EFO_0002897
PMC4525464,"HepG2",2,,EFO_0001187
PMC4525464,"A549",2,,EFO_0001086
PMC4525464,"sterile",1,,EFO_0000545
PMC4525464,"leaf",1,,EFO_0000993
PMC4525464,"rosette",1,,EFO_0005107
PMC4525464,"lateral",1,,EFO_0001657
PMC4525464,"Inflorescences",1,,EFO_0001029
PMC4525464,"strains",1,,EFO_0005135
PMC4525464,"pillows",1,,EFO_0003422
PMC4525464,"diseases",1,,EFO_0000408
PMC4525464,"wounds",1,,EFO_0000546
PMC4525464,"British",1,,EFO_0003155
PMC4525464,"dose",1,,EFO_0000428
PMC4525464,"ecotypes",1,,EFO_0000434
PMC4525464,"mg/kg body weight",1,,EFO_0005354
PMC4525464,"diastolic blood pressure",1,,EFO_0004325
PMC4525464,"precursor",1,,EFO_0001651
PMC4525464,"duration",1,,EFO_0000433
PMC4525464,"cancer",1,,EFO_0000311
PMC4541688,"exposure",7,,EFO_0000487
PMC4541688,"duration",5,,EFO_0000433
PMC4541688,"doses",2,,EFO_0000428
PMC4541688,"dissection",2,,EFO_0003856
PMC4541688,"Wistar",1,,EFO_0001342
PMC4541688,"g/kg",1,,EFO_0002897
PMC4541688,"pain",1,,EFO_0003843
PMC4541688,"body weight",1,,EFO_0004338
PMC4541688,"temperature",1,,EFO_0001702
PMC4541688,"software",1,,EFO_0002029
PMC4541688,"segment",1,,EFO_0000961
PMC4548039,"strains",17,,EFO_0005135
PMC4548039,"Indian",4,,EFO_0003153
PMC4548039,"procedure",3,,EFO_0002571
PMC4548039,"temperature",3,,EFO_0001702
PMC4548039,"sterile",3,,EFO_0000545
PMC4548039,"seeds",2,,EFO_0000991
PMC4548039,"bark",2,,EFO_0001041
PMC4548039,"software",1,,EFO_0002029
PMC4548039,"pathogen",1,,EFO_0000643
PMC4548039,"hand",1,,EFO_0000877
PMC4548039,"males",1,,EFO_0001266
PMC4548039,"females",1,,EFO_0001265
PMC4548039,"fruit",1,,EFO_0001028
PMC4548039,"rhizome",1,,EFO_0001008
PMC4548039,"European",1,,EFO_0003156
PMC4548039,"diseases",1,,EFO_0000408
PMC4553199,"temperature",3,,EFO_0001702
PMC4553199,"leaf",2,,EFO_0000993
PMC4553199,"Iranian",2,,EFO_0003162
PMC4553199,"sterile",2,,EFO_0000545
PMC4553199,"pathogens",1,,EFO_0000643
PMC4553199,"seed",1,,EFO_0000991
PMC4553199,"root",1,,EFO_0000989
PMC4553199,"stem",1,,EFO_0001040
PMC4553199,"wood",1,,EFO_0001042
PMC4553199,"bark",1,,EFO_0001041
PMC4553199,"flower",1,,EFO_0001024
PMC4553199,"diseases",1,,EFO_0000408
PMC4553199,"strains",1,,EFO_0005135
PMC4553199,"ocimene",1,,EFO_0003191
PMC4553199,"media",1,,EFO_0000579
PMC4558530,"body weight",7,,EFO_0004338
PMC4558530,"g/kg",6,,EFO_0002897
PMC4558530,"temperature",4,,EFO_0001702
PMC4558530,"media",4,,EFO_0000579
PMC4558530,"Dose",3,,EFO_0000428
PMC4558530,"hand",3,,EFO_0000877
PMC4558530,"mg/kg",3,,EFO_0002902
PMC4558530,"European",3,,EFO_0003156
PMC4558530,"ocimene",3,,EFO_0003191
PMC4558530,"software",3,,EFO_0002029
PMC4558530,"Indian",2,,EFO_0003153
PMC4558530,"apical",2,,EFO_0001653
PMC4558530,"infestation",2,,EFO_0001067
PMC4558530,"metabolites",2,,EFO_0004727
PMC4558530,"diseases",2,,EFO_0000408
PMC4558530,"aerial parts",2,,EFO_0001901
PMC4558530,"saline",2,,EFO_0002677
PMC4558530,"seeds",1,,EFO_0000991
PMC4558530,"replicates",1,,EFO_0000683
PMC4558530,"leaf",1,,EFO_0000993
PMC4558530,"stem",1,,EFO_0001040
PMC4558530,"inflorescence",1,,EFO_0001029
PMC4558530,"cytokines",1,,EFO_0003786
PMC4558530,"exposure",1,,EFO_0000487
PMC4558530,"intervention",1,,EFO_0002571
PMC4558530,"females",1,,EFO_0001265
PMC4558530,"gonads",1,,EFO_0005494
PMC4558530,"bones",1,,EFO_0000298
PMC4558530,"chromosomal aberration",1,,EFO_0000336
PMC4558530,"Joint",1,,EFO_0000948
PMC4558530,"pathogens",1,,EFO_0000643
PMC4558530,"skin",1,,EFO_0000962
PMC4558530,"measurements",1,,EFO_0001444
PMC4558530,"reference sample",1,,EFO_0001461
PMC4558530,"duration",1,,EFO_0000433
PMC4558530,"sterile",1,,EFO_0000545
PMC4566093,"dorsal",35,,EFO_0001656
PMC4566093,"ventral",8,,EFO_0001662
PMC4566093,"bulb",8,,EFO_0001048
PMC4566093,"cortical",6,,EFO_0005891
PMC4566093,"arms",6,,EFO_0000248
PMC4566093,"strains",4,,EFO_0005135
PMC4566093,"dose",4,,EFO_0000428
PMC4566093,"male",4,,EFO_0001266
PMC4566093,"measurements",3,,EFO_0001444
PMC4566093,"procedure",3,,EFO_0002571
PMC4566093,"balls",3,,EFO_0000094
PMC4566093,"axis",2,,EFO_0001040
PMC4566093,"hand",1,,EFO_0000877
PMC4566093,"deletion",1,,EFO_0004014
PMC4566093,"substrate",1,,EFO_0005061
PMC4566093,"Japanese",1,,EFO_0003164
PMC4566093,"Labeling",1,,EFO_0000562
PMC4566093,"washing",1,,EFO_0000735
PMC4566093,"medial",1,,EFO_0001660
PMC4567485,"dose",4,,EFO_0000428
PMC4567485,"mg/kg",3,,EFO_0002902
PMC4567485,"duration",3,,EFO_0000433
PMC4567485,"ventral",2,,EFO_0001662
PMC4567485,"lateral",2,,EFO_0001657
PMC4567485,"Weight",2,,EFO_0004338
PMC4567485,"cortical",1,,EFO_0005891
PMC4567485,"adult",1,,EFO_0001272
PMC4567485,"male",1,,EFO_0001266
PMC4567485,"procedures",1,,EFO_0002571
PMC4567485,"cages",1,,EFO_0004181
PMC4567485,"chip",1,,EFO_0004176
PMC4567485,"random",1,,EFO_0004189
PMC4567485,"saline",1,,EFO_0002677
PMC4579641,"strains",18,,EFO_0005135
PMC4579641,"software",4,,EFO_0002029
PMC4579641,"sterile",2,,EFO_0000545
PMC4579641,"atmosphere",2,,EFO_0000273
PMC4579641,"hand",2,,EFO_0000877
PMC4579641,"media",1,,EFO_0000579
PMC4583814,"acid",9,,EFO_0004416
PMC4583814,"random",9,,EFO_0004189
PMC4583814,"exposure",5,,EFO_0000487
PMC4583814,"genome",3,,EFO_0004420
PMC4583814,"exons",3,,EFO_0004423
PMC4583814,"dose",3,,EFO_0000428
PMC4583814,"transgenic",2,,EFO_0004020
PMC4583814,"Procedures",2,,EFO_0002571
PMC4583814,"measurements",2,,EFO_0001444
PMC4583814,"washing",2,,EFO_0000735
PMC4583814,"cage",1,,EFO_0004181
PMC4583814,"strain",1,,EFO_0005135
PMC4583814,"dorsal",1,,EFO_0001656
PMC4583814,"microarray",1,,EFO_0002698
PMC4583814,"hand",1,,EFO_0000877
PMC4583814,"dissection",1,,EFO_0003856
PMC4583814,"temperature",1,,EFO_0001702
PMC4585887,"media",7,,EFO_0000579
PMC4585887,"Measurement",5,,EFO_0001444
PMC4585887,"acids",1,,EFO_0004416
PMC4585887,"hand",1,,EFO_0000877
PMC4588114,"females",23,,EFO_0001265
PMC4588114,"Males",10,,EFO_0001266
PMC4588114,"smoking",8,,EFO_0004318
PMC4588114,"weight",5,,EFO_0004338
PMC4588114,"procedures",5,,EFO_0002571
PMC4588114,"Adults",5,,EFO_0001272
PMC4588114,"measurements",2,,EFO_0001444
PMC4588114,"dietary",2,,EFO_0002755
PMC4588114,"case control studies",2,,EFO_0001427
PMC4588114,"European",2,,EFO_0003156
PMC4588114,"hand",2,,EFO_0000877
PMC4588114,"mental health",1,,EFO_0003935
PMC4588114,"bulb",1,,EFO_0001048
PMC4588114,"hippocampus",1,,EFO_0000530
PMC4588114,"diseases",1,,EFO_0000408
PMC4588114,"obese",1,,EFO_0001073
PMC4588114,"Family History",1,,EFO_0000493
PMC4588114,"Personality",1,,EFO_0003947
PMC4588114,"random",1,,EFO_0004189
PMC4588114,"duration",1,,EFO_0000433
PMC4588114,"fasting",1,,EFO_0002756
PMC4628703,"HepG2",47,,EFO_0001187
PMC4628703,"seeds",12,,EFO_0000991
PMC4628703,"temperature",8,,EFO_0001702
PMC4628703,"media",8,,EFO_0000579
PMC4628703,"dose",7,,EFO_0000428
PMC4628703,"acids",5,,EFO_0004416
PMC4628703,"substrate",5,,EFO_0005061
PMC4628703,"mortality",4,,EFO_0004352
PMC4628703,"intervention strategies",3,,EFO_0002571
PMC4628703,"weight",3,,EFO_0004338
PMC4628703,"dietary",2,,EFO_0002755
PMC4628703,"atmosphere",2,,EFO_0000273
PMC4628703,"risk factors",1,,EFO_0003919
PMC4628703,"carcinogenic agents",1,,EFO_0004457
PMC4628703,"American",1,,EFO_0003151
PMC4628703,"saline",1,,EFO_0002677
PMC4628703,"washing",1,,EFO_0000735
PMC4628703,"cold",1,,EFO_0000341
PMC4628703,"software",1,,EFO_0002029
PMC4628703,"survival",1,,EFO_0000714
PMC4628703,"disease",1,,EFO_0000408
PMC4628703,"cataract",1,,EFO_0001059
PMC4628703,"fruits",1,,EFO_0001028
PMC4640387,"dose",9,,EFO_0000428
PMC4640387,"sterile",6,,EFO_0000545
PMC4640387,"temperature",5,,EFO_0001702
PMC4640387,"stems",4,,EFO_0001040
PMC4640387,"pathogens",2,,EFO_0000643
PMC4640387,"weight",2,,EFO_0004338
PMC4640387,"procedure",2,,EFO_0002571
PMC4640387,"saline",2,,EFO_0002677
PMC4640387,"hydrostatic pressure",1,,EFO_0000534
PMC4640387,"atmosphere",1,,EFO_0000273
PMC4640387,"diseases",1,,EFO_0000408
PMC4640387,"media",1,,EFO_0000579
PMC4640387,"aerial parts",1,,EFO_0001901
PMC4640387,"measurement",1,,EFO_0001444
PMC4640387,"strains",1,,EFO_0005135
PMC4640387,"Male",1,,EFO_0001266
PMC4640387,"body mass index",1,,EFO_0004340
PMC4640387,"cages",1,,EFO_0004181
PMC4640387,"nose",1,,EFO_0000828
PMC4640387,"leaf",1,,EFO_0000993
PMC4640387,"environmental factors",1,,EFO_0000469
PMC4640387,"precursor",1,,EFO_0001651
PMC4641935,"mg/kg",56,,EFO_0002902
PMC4641935,"seeds",14,,EFO_0000991
PMC4641935,"hippocampus",9,,EFO_0000530
PMC4641935,"dose",9,,EFO_0000428
PMC4641935,"exposure",8,,EFO_0000487
PMC4641935,"placebo",7,,EFO_0001674
PMC4641935,"muscle",5,,EFO_0001949
PMC4641935,"stem",4,,EFO_0001040
PMC4641935,"mg/kg body weight",4,,EFO_0005354
PMC4641935,"injury",3,,EFO_0000546
PMC4641935,"survival",3,,EFO_0000714
PMC4641935,"locomotor activity",3,,EFO_0003940
PMC4641935,"duration",3,,EFO_0000433
PMC4641935,"male",2,,EFO_0001266
PMC4641935,"diseases",2,,EFO_0000408
PMC4641935,"mortality",2,,EFO_0004352
PMC4641935,"cortical",1,,EFO_0005891
PMC4641935,"acid",1,,EFO_0004416
PMC4641935,"Parkinson's",1,,EFO_0002508
PMC4641935,"adult",1,,EFO_0001272
PMC4641935,"intervention",1,,EFO_0002571
PMC4656844,"duration",31,,EFO_0000433
PMC4656844,"adults",10,,EFO_0001272
PMC4656844,"flower",8,,EFO_0001024
PMC4656844,"measurement",5,,EFO_0001444
PMC4656844,"females",4,,EFO_0001265
PMC4656844,"males",4,,EFO_0001266
PMC4656844,"procedures",3,,EFO_0002571
PMC4656844,"software",3,,EFO_0002029
PMC4656844,"Fruit",2,,EFO_0001028
PMC4656844,"height",1,,EFO_0004339
PMC4656844,"Wood",1,,EFO_0001042
PMC4656844,"nose",1,,EFO_0000828
PMC4656844,"exposure",1,,EFO_0000487
PMC4656844,"survival",1,,EFO_0000714
PMC4664613,"duration",27,,EFO_0000433
PMC4664613,"hand",7,,EFO_0000877
PMC4664613,"adults",4,,EFO_0001272
PMC4664613,"nose",4,,EFO_0000828
PMC4664613,"software",3,,EFO_0002029
PMC4664613,"flowers",3,,EFO_0001024
PMC4664613,"measurement",2,,EFO_0001444
PMC4664613,"dietary",2,,EFO_0002755
PMC4664613,"procedure",2,,EFO_0002571
PMC4664613,"segments",2,,EFO_0000961
PMC4664613,"auditory systems",1,,EFO_0000826
PMC4664613,"American",1,,EFO_0003151
PMC4664613,"exercises",1,,EFO_0000483
PMC4664613,"height",1,,EFO_0004339
PMC4664613,"Leaf",1,,EFO_0000993
PMC4664613,"experimental design",1,,EFO_0001426
PMC4664613,"heart rate",1,,EFO_0004326
PMC4664613,"exposure",1,,EFO_0000487
PMC4670656,"Cold",55,,EFO_0000341
PMC4670656,"temperature",7,,EFO_0001702
PMC4670656,"acids",5,,EFO_0004416
PMC4670656,"Strains",4,,EFO_0005135
PMC4670656,"Seed",3,,EFO_0000991
PMC4670656,"Measurement",3,,EFO_0001444
PMC4670656,"pain",2,,EFO_0003843
PMC4670656,"Fruits",1,,EFO_0001028
PMC4670656,"saline",1,,EFO_0002677
PMC4670656,"media",1,,EFO_0000579
PMC4670656,"sterile",1,,EFO_0000545
PMC4670656,"replicate",1,,EFO_0000683
PMC4670656,"environmental factors",1,,EFO_0000469
PMC4670656,"Ocimene",1,,EFO_0003191
PMC4672195,"exposure",12,,EFO_0000487
PMC4672195,"Gill",8,,EFO_0000933
PMC4672195,"pathogens",6,,EFO_0000643
PMC4672195,"acids",5,,EFO_0004416
PMC4672195,"metabolites",4,,EFO_0004727
PMC4672195,"hand",2,,EFO_0000877
PMC4672195,"Strains",2,,EFO_0005135
PMC4672195,"survival",2,,EFO_0000714
PMC4672195,"flowers",1,,EFO_0001024
PMC4672195,"roots",1,,EFO_0000989
PMC4672195,"bark",1,,EFO_0001041
PMC4672195,"seeds",1,,EFO_0000991
PMC4672195,"fruits",1,,EFO_0001028
PMC4672195,"wood",1,,EFO_0001042
PMC4672195,"diets",1,,EFO_0002755
PMC4672195,"weight",1,,EFO_0004338
PMC4672195,"a 20",1,,EFO_0005285
PMC4672195,"mutant strains",1,,EFO_0004006
PMC4673553,"procedures",9,,EFO_0002571
PMC4673553,"nose",7,,EFO_0000828
PMC4673553,"alpha",6,,EFO_0001270
PMC4673553,"female",4,,EFO_0001265
PMC4673553,"balls",2,,EFO_0000094
PMC4673553,"random",2,,EFO_0004189
PMC4673553,"hand",1,,EFO_0000877
PMC4673553,"bone",1,,EFO_0000298
PMC4673553,"Woods",1,,EFO_0001042
PMC4673882,"deletion",17,,EFO_0004014
PMC4673882,"bulb",6,,EFO_0001048
PMC4673882,"temperature",5,,EFO_0001702
PMC4673882,"procedure",4,,EFO_0002571
PMC4673882,"exon",3,,EFO_0004423
PMC4673882,"cold",3,,EFO_0000341
PMC4673882,"spines",2,,EFO_0001369
PMC4673882,"phenotype",2,,EFO_0000651
PMC4673882,"labelling",2,,EFO_0000562
PMC4673882,"distal",2,,EFO_0001655
PMC4673882,"apical",2,,EFO_0001653
PMC4673882,"cortical",2,,EFO_0005891
PMC4673882,"cages",2,,EFO_0004181
PMC4673882,"Male",2,,EFO_0001266
PMC4673882,"weight",2,,EFO_0004338
PMC4673882,"software",2,,EFO_0002029
PMC4673882,"stems",1,,EFO_0001040
PMC4673882,"lateral",1,,EFO_0001657
PMC4673882,"cohort",1,,EFO_0004445
PMC4673882,"Genotyping",1,,EFO_0000750
PMC4673882,"European",1,,EFO_0003156
PMC4673882,"inversion",1,,EFO_0004017
PMC4673882,"substrate",1,,EFO_0005061
PMC4673882,"measurements",1,,EFO_0001444
PMC4673882,"duration",1,,EFO_0000433
PMC4684335,"sampling times",18,,EFO_0000689
PMC4684335,"data file",13,,EFO_0004095
PMC4684335,"temperature",12,,EFO_0001702
PMC4684335,"axis",7,,EFO_0001040
PMC4684335,"nose",6,,EFO_0000828
PMC4684335,"ocimene",5,,EFO_0003191
PMC4684335,"measurements",3,,EFO_0001444
PMC4684335,"weight",1,,EFO_0004338
PMC4684335,"random",1,,EFO_0004189
PMC4684335,"alpha",1,,EFO_0001270
PMC4684335,"Americans",1,,EFO_0003151
PMC4684335,"male",1,,EFO_0001266
PMC4684335,"female",1,,EFO_0001265
PMC4684335,"Hawaiian",1,,EFO_0003168
PMC4684335,"inflorescences",1,,EFO_0001029
PMC4684335,"replicates",1,,EFO_0000683
PMC4686661,"temperature",16,,EFO_0001702
PMC4686661,"labelling",12,,EFO_0000562
PMC4686661,"exposure",9,,EFO_0000487
PMC4686661,"cold",9,,EFO_0000341
PMC4686661,"transgenic",5,,EFO_0004020
PMC4686661,"genotype",5,,EFO_0000513
PMC4686661,"strains",3,,EFO_0005135
PMC4686661,"substrate",3,,EFO_0005061
PMC4686661,"adult",2,,EFO_0001272
PMC4686661,"transfections",2,,EFO_0000726
PMC4686661,"media",2,,EFO_0000579
PMC4686661,"lateral",1,,EFO_0001657
PMC4686661,"cohort",1,,EFO_0004445
PMC4686661,"dose",1,,EFO_0000428
PMC4686661,"segment",1,,EFO_0000961
PMC4686661,"acid",1,,EFO_0004416
PMC4686661,"seed",1,,EFO_0000991
PMC4686661,"insertion",1,,EFO_0004016
PMC4686661,"females",1,,EFO_0001265
PMC4686661,"axis",1,,EFO_0001040
PMC4686661,"procedure",1,,EFO_0002571
PMC4686661,"dissection",1,,EFO_0003856
PMC4686661,"inch",1,,EFO_0004387
PMC4707358,"survival",12,,EFO_0000714
PMC4707358,"differentiated",10,,EFO_0002954
PMC4707358,"exposure",6,,EFO_0000487
PMC4707358,"temperature",4,,EFO_0001702
PMC4707358,"injury",4,,EFO_0000546
PMC4707358,"software",3,,EFO_0002029
PMC4707358,"diet",3,,EFO_0002755
PMC4707358,"genome",2,,EFO_0004420
PMC4707358,"seed",2,,EFO_0000991
PMC4707358,"hand",2,,EFO_0000877
PMC4707358,"disease",2,,EFO_0000408
PMC4707358,"longevity",1,,EFO_0004300
PMC4707358,"Parkinson's",1,,EFO_0002508
PMC4707358,"saline",1,,EFO_0002677
PMC4707358,"acids",1,,EFO_0004416
PMC4707358,"measurement",1,,EFO_0001444
PMC4707358,"whole organism",1,,EFO_0002906
PMC4707358,"Gene name",1,,EFO_0002605
PMC4708660,"temperatures",19,,EFO_0001702
PMC4708660,"fruit",9,,EFO_0001028
PMC4708660,"atmosphere",7,,EFO_0000273
PMC4708660,"procedures",4,,EFO_0002571
PMC4708660,"cultivars",3,,EFO_0005136
PMC4708660,"seeds",3,,EFO_0000991
PMC4708660,"weight",3,,EFO_0004338
PMC4708660,"software",3,,EFO_0002029
PMC4708660,"fast",2,,EFO_0002756
PMC4708660,"hand",2,,EFO_0000877
PMC4708660,"duration",2,,EFO_0000433
PMC4708660,"Ocimene",2,,EFO_0003191
PMC4708660,"array",1,,EFO_0002698
PMC4708660,"Cold",1,,EFO_0000341
PMC4708660,"acids",1,,EFO_0004416
PMC4708660,"flower",1,,EFO_0001024
PMC4708660,"measurements",1,,EFO_0001444
PMC4708660,"substrate",1,,EFO_0005061
PMC4724840,"strain",6,,EFO_0005135
PMC4724840,"seeds",4,,EFO_0000991
PMC4724840,"male",3,,EFO_0001266
PMC4724840,"temperatures",2,,EFO_0001702
PMC4724840,"uninfected",2,,EFO_0001460
PMC4724840,"fetus",1,,EFO_0001323
PMC4724840,"diseases",1,,EFO_0000408
PMC4724840,"Saline",1,,EFO_0002677
PMC4724840,"survival",1,,EFO_0000714
PMC4724840,"pathogen",1,,EFO_0000643
PMC4724840,"hand",1,,EFO_0000877
PMC4724840,"mortality",1,,EFO_0004352
PMC4724840,"dose",1,,EFO_0000428
PMC4730278,"mg/kg",28,,EFO_0002902
PMC4730278,"tumors",14,,EFO_0000616
PMC4730278,"doses",12,,EFO_0000428
PMC4730278,"weights",7,,EFO_0004338
PMC4730278,"muscles",2,,EFO_0001949
PMC4730278,"temperature",2,,EFO_0001702
PMC4730278,"mortality",1,,EFO_0004352
PMC4730278,"adults",1,,EFO_0001272
PMC4730278,"cancer",1,,EFO_0000311
PMC4730278,"leukocyte counts",1,,EFO_0004308
PMC4730278,"females",1,,EFO_0001265
PMC4730278,"acid",1,,EFO_0004416
PMC4730278,"procedures",1,,EFO_0002571
PMC4730278,"Software",1,,EFO_0002029
PMC4749828,"acid",16,,EFO_0004416
PMC4749828,"Cage",14,,EFO_0004181
PMC4749828,"pathogens",4,,EFO_0000643
PMC4749828,"metabolite",1,,EFO_0004727
PMC4749828,"hand",1,,EFO_0000877
PMC4749828,"survival",1,,EFO_0000714
PMC4749828,"procedure",1,,EFO_0002571
PMC4749828,"dose",1,,EFO_0000428
PMC4766438,"sensillum",14,,EFO_0000939
PMC4766438,"hands",7,,EFO_0000877
PMC4766438,"measurements",5,,EFO_0001444
PMC4766438,"bulb",2,,EFO_0001048
PMC4766438,"procedure",2,,EFO_0002571
PMC4766438,"nose",1,,EFO_0000828
PMC4766438,"adult",1,,EFO_0001272
PMC4766438,"dose",1,,EFO_0000428
PMC4766438,"acid",1,,EFO_0004416
PMC4766438,"female",1,,EFO_0001265
PMC4766438,"genotypes",1,,EFO_0000513
PMC4766438,"chip",1,,EFO_0004176
PMC4766438,"lateral",1,,EFO_0001657
PMC4783362,"seeds",179,,EFO_0000991
PMC4783362,"Longevity",23,,EFO_0004300
PMC4783362,"substrates",12,,EFO_0005061
PMC4783362,"temperature",8,,EFO_0001702
PMC4783362,"acids",5,,EFO_0004416
PMC4783362,"cohort",5,,EFO_0004445
PMC4783362,"replicate",4,,EFO_0000683
PMC4783362,"sampling times",3,,EFO_0000689
PMC4783362,"duration",3,,EFO_0000433
PMC4783362,"weight",2,,EFO_0004338
PMC4783362,"measurement",2,,EFO_0001444
PMC4783362,"software",1,,EFO_0002029
PMC4783362,"dose",1,,EFO_0000428
PMC4783362,"array",1,,EFO_0002698
PMC4783362,"atmosphere",1,,EFO_0000273
PMC4786606,"strains",6,,EFO_0005135
PMC4786606,"precursor",6,,EFO_0001651
PMC4786606,"pool",3,,EFO_0000663
PMC4786606,"substrate",3,,EFO_0005061
PMC4786606,"Ramos",2,,EFO_0002077
PMC4786606,"fruit",2,,EFO_0001028
PMC4786606,"deletion",1,,EFO_0004014
PMC4786606,"cold",1,,EFO_0000341
PMC4786606,"exposure",1,,EFO_0000487
PMC4786606,"pump",1,,EFO_0000836
PMC4786606,"bark",1,,EFO_0001041
PMC4786606,"pathogen",1,,EFO_0000643
PMC4786606,"acid",1,,EFO_0004416
PMC4786606,"atmosphere",1,,EFO_0000273
PMC4786606,"disease",1,,EFO_0000408
PMC4786606,"backbone",1,,EFO_0001369
PMC4786955,"substrates",32,,EFO_0005061
PMC4786955,"Exposure",3,,EFO_0000487
PMC4786955,"procedures",2,,EFO_0002571
PMC4786955,"temperature",2,,EFO_0001702
PMC4786955,"data file",1,,EFO_0004095
PMC4786955,"measurements",1,,EFO_0001444
PMC4786955,"software",1,,EFO_0002029
PMC4786955,"cold",1,,EFO_0000341
PMC4799292,"acids",18,,EFO_0004416
PMC4799292,"pathogens",10,,EFO_0000643
PMC4799292,"Shoots",6,,EFO_0000992
PMC4799292,"wood",5,,EFO_0001042
PMC4799292,"metabolite",5,,EFO_0004727
PMC4799292,"temperature",4,,EFO_0001702
PMC4799292,"bark",4,,EFO_0001041
PMC4799292,"leaf",3,,EFO_0000993
PMC4799292,"Japanese",2,,EFO_0003164
PMC4799292,"height",2,,EFO_0004339
PMC4799292,"seeds",2,,EFO_0000991
PMC4799292,"hand",2,,EFO_0000877
PMC4799292,"A549",2,,EFO_0001086
PMC4799292,"disease",2,,EFO_0000408
PMC4799292,"skin",2,,EFO_0000962
PMC4799292,"injury",2,,EFO_0000546
PMC4799292,"longevity",1,,EFO_0004300
PMC4799292,"fast",1,,EFO_0002756
PMC4799292,"male",1,,EFO_0001266
PMC4799292,"female",1,,EFO_0001265
PMC4799292,"root",1,,EFO_0000989
PMC4799292,"stems",1,,EFO_0001040
PMC4799292,"precursors",1,,EFO_0001651
PMC4799292,"European",1,,EFO_0003156
PMC4799292,"Asian",1,,EFO_0003152
PMC4799292,"strains",1,,EFO_0005135
PMC4799292,"adults",1,,EFO_0001272
PMC4799292,"Chinese",1,,EFO_0003157
PMC4819710,"strain",13,,EFO_0005135
PMC4819710,"Dose",10,,EFO_0000428
PMC4819710,"stem",4,,EFO_0001040
PMC4819710,"bulb",3,,EFO_0001048
PMC4819710,"saline",3,,EFO_0002677
PMC4819710,"software",3,,EFO_0002029
PMC4819710,"acid",3,,EFO_0004416
PMC4819710,"mg/kg",2,,EFO_0002902
PMC4819710,"cold",2,,EFO_0000341
PMC4819710,"temperature",2,,EFO_0001702
PMC4819710,"lateral",2,,EFO_0001657
PMC4819710,"exposure",2,,EFO_0000487
PMC4819710,"genome",1,,EFO_0004420
PMC4819710,"recombination",1,,EFO_0004293
PMC4819710,"male",1,,EFO_0001266
PMC4819710,"females",1,,EFO_0001265
PMC4819710,"procedures",1,,EFO_0002571
PMC4819710,"European",1,,EFO_0003156
PMC4819710,"cages",1,,EFO_0004181
PMC4819710,"nose",1,,EFO_0000828
PMC4819710,"bone",1,,EFO_0000298
PMC4819710,"ventral",1,,EFO_0001662
PMC4819710,"postnatal",1,,EFO_0002948
PMC4819710,"segment",1,,EFO_0000961
PMC4819710,"dorsal",1,,EFO_0001656
PMC4822282,"metabolite",61,,EFO_0004727
PMC4822282,"flowers",37,,EFO_0001024
PMC4822282,"acid",27,,EFO_0004416
PMC4822282,"leaf",8,,EFO_0000993
PMC4822282,"substrate",7,,EFO_0005061
PMC4822282,"precursors",4,,EFO_0001651
PMC4822282,"roots",2,,EFO_0000989
PMC4822282,"pathogens",2,,EFO_0000643
PMC4822282,"temperature",2,,EFO_0001702
PMC4822282,"diseases",1,,EFO_0000408
PMC4822282,"genotype",1,,EFO_0000513
PMC4822282,"phenotype",1,,EFO_0000651
PMC4822282,"shoot",1,,EFO_0000992
PMC4822282,"nectar",1,,EFO_0001046
PMC4822282,"experimental design",1,,EFO_0001426
PMC4822282,"replicates",1,,EFO_0000683
PMC4822282,"ball",1,,EFO_0000094
PMC4822282,"pumps",1,,EFO_0000836
PMC4822282,"random",1,,EFO_0004189
PMC4822282,"software",1,,EFO_0002029
